Datetime,Open,High,Low,Close,Volume,Dividends,Stock Splits,symbol
2025-07-07 09:30:00-04:00,344.0899963378906,344.0899963378906,344.0899963378906,344.0899963378906,0,0.0,0.0,ERIE
2025-07-07 09:35:00-04:00,344.32000732421875,344.32000732421875,344.32000732421875,344.32000732421875,765,0.0,0.0,ERIE
2025-07-07 09:44:00-04:00,344.3599853515625,344.489990234375,344.3599853515625,344.489990234375,4120,0.0,0.0,ERIE
2025-07-07 09:49:00-04:00,344.5,344.5,344.5,344.5,354,0.0,0.0,ERIE
2025-07-07 09:50:00-04:00,343.4800109863281,343.4800109863281,343.4800109863281,343.4800109863281,655,0.0,0.0,ERIE
2025-07-07 09:55:00-04:00,344.68499755859375,344.68499755859375,344.68499755859375,344.68499755859375,983,0.0,0.0,ERIE
2025-07-07 10:01:00-04:00,344.5,344.5,344.20001220703125,344.20001220703125,592,0.0,0.0,ERIE
2025-07-07 10:03:00-04:00,344.5,344.5,344.5,344.5,1666,0.0,0.0,ERIE
2025-07-07 10:04:00-04:00,344.5899963378906,344.5899963378906,344.5899963378906,344.5899963378906,1228,0.0,0.0,ERIE
2025-07-07 10:07:00-04:00,345.0450134277344,345.0450134277344,345.0450134277344,345.0450134277344,1398,0.0,0.0,ERIE
2025-07-07 10:15:00-04:00,343.67999267578125,343.67999267578125,343.67999267578125,343.67999267578125,1735,0.0,0.0,ERIE
2025-07-07 10:41:00-04:00,342.8186950683594,342.8186950683594,342.8186950683594,342.8186950683594,2194,0.0,0.0,ERIE
2025-07-07 10:45:00-04:00,341.2449951171875,341.2449951171875,341.2449951171875,341.2449951171875,253,0.0,0.0,ERIE
2025-07-07 10:46:00-04:00,341.2449951171875,341.2449951171875,341.2449951171875,341.2449951171875,310,0.0,0.0,ERIE
2025-07-07 10:49:00-04:00,341.3399963378906,341.3399963378906,341.3399963378906,341.3399963378906,1922,0.0,0.0,ERIE
2025-07-07 10:57:00-04:00,342.30999755859375,342.3800048828125,342.30999755859375,342.3800048828125,994,0.0,0.0,ERIE
2025-07-07 10:58:00-04:00,342.7300109863281,342.7300109863281,342.7300109863281,342.7300109863281,567,0.0,0.0,ERIE
2025-07-07 11:06:00-04:00,341.92999267578125,341.92999267578125,341.92999267578125,341.92999267578125,1290,0.0,0.0,ERIE
2025-07-07 11:10:00-04:00,342.0899963378906,342.5150146484375,342.0899963378906,342.5150146484375,362,0.0,0.0,ERIE
2025-07-07 11:11:00-04:00,341.610107421875,341.610107421875,341.610107421875,341.610107421875,515,0.0,0.0,ERIE
2025-07-07 11:14:00-04:00,342.0050048828125,342.0050048828125,342.0050048828125,342.0050048828125,653,0.0,0.0,ERIE
2025-07-07 11:15:00-04:00,341.4599914550781,341.4599914550781,341.4599914550781,341.4599914550781,1002,0.0,0.0,ERIE
2025-07-07 11:18:00-04:00,341.260009765625,341.260009765625,341.260009765625,341.260009765625,1128,0.0,0.0,ERIE
2025-07-07 11:21:00-04:00,341.760009765625,341.760009765625,341.760009765625,341.760009765625,694,0.0,0.0,ERIE
2025-07-07 11:22:00-04:00,341.94500732421875,341.94500732421875,341.94500732421875,341.94500732421875,1529,0.0,0.0,ERIE
2025-07-07 11:36:00-04:00,341.57000732421875,341.57000732421875,341.57000732421875,341.57000732421875,252,0.0,0.0,ERIE
2025-07-07 11:37:00-04:00,341.760009765625,341.760009765625,341.760009765625,341.760009765625,441,0.0,0.0,ERIE
2025-07-07 11:42:00-04:00,341.8799133300781,341.8799133300781,341.8799133300781,341.8799133300781,548,0.0,0.0,ERIE
2025-07-07 11:45:00-04:00,341.07501220703125,341.5849914550781,341.07501220703125,341.5849914550781,1327,0.0,0.0,ERIE
2025-07-07 11:46:00-04:00,341.21038818359375,341.21038818359375,341.21038818359375,341.21038818359375,1556,0.0,0.0,ERIE
2025-07-07 12:04:00-04:00,340.9049987792969,340.9049987792969,340.9049987792969,340.9049987792969,332,0.0,0.0,ERIE
2025-07-07 12:07:00-04:00,341.29998779296875,341.29998779296875,341.29998779296875,341.29998779296875,310,0.0,0.0,ERIE
2025-07-07 12:08:00-04:00,341.3599853515625,341.3599853515625,341.3599853515625,341.3599853515625,3135,0.0,0.0,ERIE
2025-07-07 12:46:00-04:00,340.86309814453125,340.86309814453125,340.86309814453125,340.86309814453125,993,0.0,0.0,ERIE
2025-07-07 12:48:00-04:00,341.44000244140625,341.44000244140625,341.44000244140625,341.44000244140625,1063,0.0,0.0,ERIE
2025-07-07 12:49:00-04:00,340.98590087890625,340.98590087890625,340.98590087890625,340.98590087890625,2215,0.0,0.0,ERIE
2025-07-07 13:13:00-04:00,341.9549865722656,341.9599914550781,341.9549865722656,341.9599914550781,532,0.0,0.0,ERIE
2025-07-07 13:14:00-04:00,342.2850036621094,342.2850036621094,342.2850036621094,342.2850036621094,1236,0.0,0.0,ERIE
2025-07-07 13:26:00-04:00,341.94000244140625,341.94000244140625,341.92999267578125,341.92999267578125,1822,0.0,0.0,ERIE
2025-07-07 13:34:00-04:00,341.5769958496094,341.5769958496094,341.5769958496094,341.5769958496094,540,0.0,0.0,ERIE
2025-07-07 13:39:00-04:00,341.45001220703125,341.45001220703125,341.45001220703125,341.45001220703125,2317,0.0,0.0,ERIE
2025-07-07 13:56:00-04:00,340.9200134277344,341.010009765625,340.9200134277344,341.010009765625,259,0.0,0.0,ERIE
2025-07-07 13:57:00-04:00,340.8500061035156,340.8500061035156,340.8500061035156,340.8500061035156,3517,0.0,0.0,ERIE
2025-07-07 14:02:00-04:00,342.29290771484375,342.29290771484375,341.5350036621094,341.5350036621094,1163,0.0,0.0,ERIE
2025-07-07 14:05:00-04:00,341.239990234375,341.239990234375,341.239990234375,341.239990234375,341,0.0,0.0,ERIE
2025-07-07 14:08:00-04:00,340.92999267578125,340.92999267578125,340.92999267578125,340.92999267578125,174,0.0,0.0,ERIE
2025-07-07 14:09:00-04:00,340.80999755859375,340.80999755859375,340.80999755859375,340.80999755859375,966,0.0,0.0,ERIE
2025-07-07 14:10:00-04:00,340.82000732421875,340.82000732421875,340.82000732421875,340.82000732421875,2680,0.0,0.0,ERIE
2025-07-07 14:18:00-04:00,340.6600036621094,340.6600036621094,340.6600036621094,340.6600036621094,1483,0.0,0.0,ERIE
2025-07-07 14:24:00-04:00,339.5199890136719,339.5199890136719,339.5199890136719,339.5199890136719,350,0.0,0.0,ERIE
2025-07-07 14:26:00-04:00,340.07000732421875,340.07000732421875,340.07000732421875,340.07000732421875,2109,0.0,0.0,ERIE
2025-07-07 14:42:00-04:00,340.9150085449219,340.9150085449219,340.9150085449219,340.9150085449219,817,0.0,0.0,ERIE
2025-07-07 14:49:00-04:00,341.0,341.5299987792969,341.0,341.5299987792969,5464,0.0,0.0,ERIE
2025-07-07 14:56:00-04:00,340.6400146484375,340.6400146484375,340.6400146484375,340.6400146484375,414,0.0,0.0,ERIE
2025-07-07 15:00:00-04:00,341.1099853515625,341.1099853515625,341.1099853515625,341.1099853515625,1709,0.0,0.0,ERIE
2025-07-07 15:08:00-04:00,340.2900085449219,340.2900085449219,340.2900085449219,340.2900085449219,355,0.0,0.0,ERIE
2025-07-07 15:10:00-04:00,339.8900146484375,339.8900146484375,339.80999755859375,339.80999755859375,2885,0.0,0.0,ERIE
2025-07-07 15:30:00-04:00,340.04998779296875,340.04998779296875,340.04998779296875,340.04998779296875,1723,0.0,0.0,ERIE
2025-07-07 15:36:00-04:00,339.7799987792969,339.7799987792969,339.7799987792969,339.7799987792969,1151,0.0,0.0,ERIE
2025-07-07 15:41:00-04:00,339.9150085449219,339.989990234375,339.9150085449219,339.989990234375,2931,0.0,0.0,ERIE
2025-07-07 15:49:00-04:00,340.3399963378906,340.3699951171875,340.3399963378906,340.3699951171875,1655,0.0,0.0,ERIE
2025-07-07 15:50:00-04:00,340.0299987792969,340.4599914550781,340.0299987792969,340.4599914550781,3330,0.0,0.0,ERIE
2025-07-07 15:53:00-04:00,340.3500061035156,340.6000061035156,340.3500061035156,340.4700012207031,2811,0.0,0.0,ERIE
2025-07-07 15:54:00-04:00,340.4700012207031,340.5299987792969,340.4700012207031,340.510009765625,2967,0.0,0.0,ERIE
2025-07-07 15:56:00-04:00,341.1000061035156,341.1000061035156,341.1000061035156,341.1000061035156,411,0.0,0.0,ERIE
2025-07-07 15:57:00-04:00,341.1000061035156,341.3999938964844,341.1000061035156,341.375,2686,0.0,0.0,ERIE
2025-07-07 15:58:00-04:00,341.260009765625,341.260009765625,341.25,341.25,2195,0.0,0.0,ERIE
2025-07-07 15:59:00-04:00,341.1499938964844,341.2799987792969,341.1499938964844,341.2799987792969,1684,0.0,0.0,ERIE
2025-07-08 09:30:00-04:00,338.25750732421875,338.25750732421875,338.25750732421875,338.25750732421875,2040,1.365,0.0,ERIE
2025-07-08 09:35:00-04:00,338.8399963378906,338.8399963378906,338.8399963378906,338.8399963378906,3741,0.0,0.0,ERIE
2025-07-08 09:43:00-04:00,339.1099853515625,339.1099853515625,339.1099853515625,339.1099853515625,527,0.0,0.0,ERIE
2025-07-08 09:45:00-04:00,339.0899963378906,339.0899963378906,339.0899963378906,339.0899963378906,855,0.0,0.0,ERIE
2025-07-08 09:52:00-04:00,338.55999755859375,338.55999755859375,338.55999755859375,338.55999755859375,1630,0.0,0.0,ERIE
2025-07-08 10:00:00-04:00,340.1050109863281,340.1050109863281,340.1050109863281,340.1050109863281,209,0.0,0.0,ERIE
2025-07-08 10:01:00-04:00,339.8800048828125,339.8800048828125,339.8800048828125,339.8800048828125,509,0.0,0.0,ERIE
2025-07-08 10:05:00-04:00,340.19000244140625,340.19000244140625,340.19000244140625,340.19000244140625,746,0.0,0.0,ERIE
2025-07-08 10:08:00-04:00,340.7349853515625,340.7349853515625,340.7349853515625,340.7349853515625,1231,0.0,0.0,ERIE
2025-07-08 10:23:00-04:00,341.1300048828125,341.1300048828125,341.1300048828125,341.1300048828125,625,0.0,0.0,ERIE
2025-07-08 10:29:00-04:00,339.9599914550781,339.9599914550781,339.9599914550781,339.9599914550781,542,0.0,0.0,ERIE
2025-07-08 10:31:00-04:00,340.9150085449219,340.9150085449219,340.9150085449219,340.9150085449219,131,0.0,0.0,ERIE
2025-07-08 10:32:00-04:00,339.9200134277344,339.9200134277344,339.80999755859375,339.80999755859375,1473,0.0,0.0,ERIE
2025-07-08 10:37:00-04:00,340.5400085449219,340.5400085449219,340.5400085449219,340.5400085449219,1168,0.0,0.0,ERIE
2025-07-08 10:42:00-04:00,340.5400085449219,340.5400085449219,340.5400085449219,340.5400085449219,2413,0.0,0.0,ERIE
2025-07-08 10:44:00-04:00,340.4800109863281,341.9700012207031,340.4800109863281,341.8299865722656,7252,0.0,0.0,ERIE
2025-07-08 10:45:00-04:00,341.4800109863281,341.4800109863281,341.4800109863281,341.4800109863281,708,0.0,0.0,ERIE
2025-07-08 10:46:00-04:00,341.8349914550781,341.8349914550781,340.80999755859375,340.80999755859375,681,0.0,0.0,ERIE
2025-07-08 10:48:00-04:00,341.7049865722656,341.7049865722656,341.7049865722656,341.7049865722656,451,0.0,0.0,ERIE
2025-07-08 10:50:00-04:00,340.8599853515625,341.1199951171875,340.8299865722656,340.8299865722656,550,0.0,0.0,ERIE
2025-07-08 10:52:00-04:00,342.9200134277344,342.9200134277344,342.9200134277344,342.9200134277344,137,0.0,0.0,ERIE
2025-07-08 10:53:00-04:00,342.4700012207031,342.4700012207031,342.4700012207031,342.4700012207031,162,0.0,0.0,ERIE
2025-07-08 10:55:00-04:00,342.0899963378906,342.0899963378906,340.80999755859375,340.80999755859375,588,0.0,0.0,ERIE
2025-07-08 10:57:00-04:00,341.8800048828125,341.8800048828125,341.8800048828125,341.8800048828125,567,0.0,0.0,ERIE
2025-07-08 10:59:00-04:00,341.8299865722656,341.8299865722656,341.8299865722656,341.8299865722656,506,0.0,0.0,ERIE
2025-07-08 11:02:00-04:00,341.9800109863281,341.9800109863281,341.9800109863281,341.9800109863281,392,0.0,0.0,ERIE
2025-07-08 11:04:00-04:00,342.9100036621094,342.9100036621094,342.9100036621094,342.9100036621094,648,0.0,0.0,ERIE
2025-07-08 11:06:00-04:00,343.489990234375,343.5,343.0799865722656,343.5,1965,0.0,0.0,ERIE
2025-07-08 11:08:00-04:00,343.67999267578125,343.67999267578125,343.67999267578125,343.67999267578125,1442,0.0,0.0,ERIE
2025-07-08 11:09:00-04:00,344.30999755859375,344.30999755859375,344.20001220703125,344.20001220703125,446,0.0,0.0,ERIE
2025-07-08 11:10:00-04:00,344.6700134277344,344.6700134277344,344.6700134277344,344.6700134277344,389,0.0,0.0,ERIE
2025-07-08 11:13:00-04:00,344.4100036621094,344.4100036621094,344.4100036621094,344.4100036621094,296,0.0,0.0,ERIE
2025-07-08 11:16:00-04:00,344.9100036621094,344.9100036621094,344.9100036621094,344.9100036621094,391,0.0,0.0,ERIE
2025-07-08 11:19:00-04:00,344.8800048828125,344.8800048828125,344.8800048828125,344.8800048828125,661,0.0,0.0,ERIE
2025-07-08 11:24:00-04:00,343.79998779296875,344.6199951171875,343.79998779296875,344.6199951171875,1208,0.0,0.0,ERIE
2025-07-08 11:25:00-04:00,344.19000244140625,344.19000244140625,344.19000244140625,344.19000244140625,3142,0.0,0.0,ERIE
2025-07-08 11:33:00-04:00,343.75,343.75,343.75,343.75,215,0.0,0.0,ERIE
2025-07-08 11:37:00-04:00,344.0,344.0,344.0,344.0,797,0.0,0.0,ERIE
2025-07-08 11:42:00-04:00,343.57000732421875,343.57000732421875,343.57000732421875,343.57000732421875,180,0.0,0.0,ERIE
2025-07-08 11:45:00-04:00,344.19000244140625,344.19000244140625,344.1400146484375,344.19000244140625,940,0.0,0.0,ERIE
2025-07-08 11:46:00-04:00,343.9375,343.9375,343.9375,343.9375,318,0.0,0.0,ERIE
2025-07-08 11:50:00-04:00,344.2250061035156,344.9599914550781,344.2250061035156,344.9599914550781,265,0.0,0.0,ERIE
2025-07-08 11:52:00-04:00,344.0799865722656,344.0799865722656,344.0799865722656,344.0799865722656,302,0.0,0.0,ERIE
2025-07-08 11:56:00-04:00,344.79998779296875,344.79998779296875,344.79998779296875,344.79998779296875,286,0.0,0.0,ERIE
2025-07-08 11:58:00-04:00,344.3800048828125,344.3800048828125,344.3800048828125,344.3800048828125,562,0.0,0.0,ERIE
2025-07-08 12:03:00-04:00,343.9200134277344,343.9200134277344,343.8599853515625,343.8599853515625,1248,0.0,0.0,ERIE
2025-07-08 12:05:00-04:00,342.625,342.625,342.625,342.625,221,0.0,0.0,ERIE
2025-07-08 12:06:00-04:00,342.17999267578125,342.17999267578125,342.1300048828125,342.1300048828125,2468,0.0,0.0,ERIE
2025-07-08 12:13:00-04:00,342.19000244140625,342.19000244140625,342.0199890136719,342.0199890136719,730,0.0,0.0,ERIE
2025-07-08 12:17:00-04:00,341.4599914550781,341.4599914550781,341.4599914550781,341.4599914550781,468,0.0,0.0,ERIE
2025-07-08 12:19:00-04:00,342.260009765625,342.2699890136719,342.2099914550781,342.25,2575,0.0,0.0,ERIE
2025-07-08 12:20:00-04:00,343.1000061035156,343.1000061035156,343.1000061035156,343.1000061035156,552,0.0,0.0,ERIE
2025-07-08 12:23:00-04:00,342.9700012207031,342.9700012207031,342.43499755859375,342.43499755859375,419,0.0,0.0,ERIE
2025-07-08 12:26:00-04:00,342.80999755859375,342.80999755859375,342.80999755859375,342.80999755859375,587,0.0,0.0,ERIE
2025-07-08 12:29:00-04:00,342.8800048828125,342.9200134277344,342.8800048828125,342.9200134277344,3415,0.0,0.0,ERIE
2025-07-08 12:45:00-04:00,342.5625,342.5625,342.5625,342.5625,287,0.0,0.0,ERIE
2025-07-08 12:46:00-04:00,342.6000061035156,342.6000061035156,342.6000061035156,342.6000061035156,1017,0.0,0.0,ERIE
2025-07-08 12:47:00-04:00,342.6000061035156,342.7799987792969,342.6000061035156,342.7799987792969,1651,0.0,0.0,ERIE
2025-07-08 12:49:00-04:00,341.8699951171875,341.8699951171875,341.8699951171875,341.8699951171875,711,0.0,0.0,ERIE
2025-07-08 12:56:00-04:00,341.4800109863281,341.4800109863281,341.4800109863281,341.4800109863281,464,0.0,0.0,ERIE
2025-07-08 12:58:00-04:00,341.010009765625,341.010009765625,341.010009765625,341.010009765625,628,0.0,0.0,ERIE
2025-07-08 13:02:00-04:00,340.8500061035156,340.8500061035156,340.8500061035156,340.8500061035156,509,0.0,0.0,ERIE
2025-07-08 13:13:00-04:00,341.3900146484375,341.3900146484375,341.3900146484375,341.3900146484375,550,0.0,0.0,ERIE
2025-07-08 13:14:00-04:00,341.42999267578125,341.5199890136719,341.42999267578125,341.5199890136719,1791,0.0,0.0,ERIE
2025-07-08 13:22:00-04:00,341.04998779296875,341.04998779296875,341.04998779296875,341.04998779296875,159,0.0,0.0,ERIE
2025-07-08 13:23:00-04:00,341.489990234375,341.489990234375,341.489990234375,341.489990234375,219,0.0,0.0,ERIE
2025-07-08 13:26:00-04:00,341.9800109863281,341.9800109863281,341.9800109863281,341.9800109863281,316,0.0,0.0,ERIE
2025-07-08 13:32:00-04:00,341.7699890136719,341.9800109863281,341.7699890136719,341.9800109863281,2307,0.0,0.0,ERIE
2025-07-08 13:48:00-04:00,342.0,342.0,342.0,342.0,106,0.0,0.0,ERIE
2025-07-08 13:49:00-04:00,341.6449890136719,341.6449890136719,341.25,341.25,1785,0.0,0.0,ERIE
2025-07-08 14:06:00-04:00,340.0899963378906,340.1300048828125,339.9849853515625,340.1300048828125,1369,0.0,0.0,ERIE
2025-07-08 14:10:00-04:00,340.44000244140625,340.44000244140625,340.3999938964844,340.3999938964844,1040,0.0,0.0,ERIE
2025-07-08 14:12:00-04:00,340.9150085449219,340.9150085449219,340.9150085449219,340.9150085449219,1383,0.0,0.0,ERIE
2025-07-08 14:23:00-04:00,341.4800109863281,341.4800109863281,341.4800109863281,341.4800109863281,894,0.0,0.0,ERIE
2025-07-08 14:33:00-04:00,341.6199951171875,341.6199951171875,341.6199951171875,341.6199951171875,746,0.0,0.0,ERIE
2025-07-08 14:38:00-04:00,341.5799865722656,341.5799865722656,341.57000732421875,341.57000732421875,1261,0.0,0.0,ERIE
2025-07-08 14:43:00-04:00,341.45001220703125,341.45001220703125,341.45001220703125,341.45001220703125,384,0.0,0.0,ERIE
2025-07-08 14:46:00-04:00,341.5799865722656,341.5799865722656,341.5799865722656,341.5799865722656,409,0.0,0.0,ERIE
2025-07-08 14:48:00-04:00,341.5899963378906,341.5899963378906,341.5899963378906,341.5899963378906,1008,0.0,0.0,ERIE
2025-07-08 14:57:00-04:00,341.5799865722656,341.5799865722656,341.5799865722656,341.5799865722656,983,0.0,0.0,ERIE
2025-07-08 14:59:00-04:00,341.67999267578125,341.7799987792969,341.6700134277344,341.7799987792969,1532,0.0,0.0,ERIE
2025-07-08 15:02:00-04:00,342.1700134277344,342.1700134277344,342.1700134277344,342.1700134277344,425,0.0,0.0,ERIE
2025-07-08 15:03:00-04:00,341.42999267578125,341.42999267578125,341.42999267578125,341.42999267578125,1768,0.0,0.0,ERIE
2025-07-08 15:08:00-04:00,340.79998779296875,340.79998779296875,340.79998779296875,340.79998779296875,437,0.0,0.0,ERIE
2025-07-08 15:10:00-04:00,340.739990234375,340.739990234375,340.739990234375,340.739990234375,1321,0.0,0.0,ERIE
2025-07-08 15:11:00-04:00,340.6600036621094,340.6600036621094,340.6600036621094,340.6600036621094,871,0.0,0.0,ERIE
2025-07-08 15:12:00-04:00,341.1300048828125,341.1300048828125,341.0,341.0,2698,0.0,0.0,ERIE
2025-07-08 15:17:00-04:00,341.4599914550781,341.4599914550781,341.32000732421875,341.3500061035156,1101,0.0,0.0,ERIE
2025-07-08 15:19:00-04:00,341.4100036621094,341.4100036621094,341.135009765625,341.135009765625,236,0.0,0.0,ERIE
2025-07-08 15:20:00-04:00,341.135009765625,341.135009765625,341.135009765625,341.135009765625,764,0.0,0.0,ERIE
2025-07-08 15:23:00-04:00,341.3999938964844,341.489990234375,341.3599853515625,341.3599853515625,1649,0.0,0.0,ERIE
2025-07-08 15:25:00-04:00,341.94000244140625,341.94000244140625,341.94000244140625,341.94000244140625,1140,0.0,0.0,ERIE
2025-07-08 15:28:00-04:00,342.239990234375,342.239990234375,342.239990234375,342.239990234375,314,0.0,0.0,ERIE
2025-07-08 15:29:00-04:00,341.5400085449219,341.5400085449219,341.5400085449219,341.5400085449219,1661,0.0,0.0,ERIE
2025-07-08 15:33:00-04:00,341.6000061035156,341.6000061035156,341.6000061035156,341.6000061035156,714,0.0,0.0,ERIE
2025-07-08 15:35:00-04:00,341.80999755859375,341.80999755859375,341.80999755859375,341.80999755859375,1651,0.0,0.0,ERIE
2025-07-08 15:42:00-04:00,341.3599853515625,341.3599853515625,340.9147033691406,341.114990234375,2480,0.0,0.0,ERIE
2025-07-08 15:43:00-04:00,341.20001220703125,341.20001220703125,341.20001220703125,341.20001220703125,325,0.0,0.0,ERIE
2025-07-08 15:44:00-04:00,341.489990234375,341.489990234375,341.489990234375,341.489990234375,786,0.0,0.0,ERIE
2025-07-08 15:45:00-04:00,341.5799865722656,341.5799865722656,341.5799865722656,341.5799865722656,298,0.0,0.0,ERIE
2025-07-08 15:46:00-04:00,341.489990234375,341.5199890136719,341.4800109863281,341.4800109863281,2845,0.0,0.0,ERIE
2025-07-08 15:49:00-04:00,341.5799865722656,341.5799865722656,341.5799865722656,341.5799865722656,515,0.0,0.0,ERIE
2025-07-08 15:50:00-04:00,341.2300109863281,341.2300109863281,340.7749938964844,340.7749938964844,1893,0.0,0.0,ERIE
2025-07-08 15:52:00-04:00,340.32000732421875,340.32000732421875,340.17999267578125,340.17999267578125,620,0.0,0.0,ERIE
2025-07-08 15:53:00-04:00,340.2300109863281,340.2300109863281,340.2300109863281,340.2300109863281,1009,0.0,0.0,ERIE
2025-07-08 15:54:00-04:00,339.8699951171875,340.32000732421875,339.4700012207031,339.4700012207031,3894,0.0,0.0,ERIE
2025-07-08 15:55:00-04:00,339.6099853515625,340.1499938964844,339.6099853515625,340.1499938964844,1887,0.0,0.0,ERIE
2025-07-08 15:56:00-04:00,340.42999267578125,340.42999267578125,340.42999267578125,340.42999267578125,973,0.0,0.0,ERIE
2025-07-08 15:57:00-04:00,340.3900146484375,340.6600036621094,340.3399963378906,340.6600036621094,4895,0.0,0.0,ERIE
2025-07-08 15:58:00-04:00,340.6600036621094,340.67498779296875,340.3800048828125,340.3800048828125,2726,0.0,0.0,ERIE
2025-07-08 15:59:00-04:00,340.7799987792969,341.0299987792969,340.3800048828125,341.0299987792969,4266,0.0,0.0,ERIE
2025-07-09 09:30:00-04:00,342.9200134277344,342.9200134277344,342.9200134277344,342.9200134277344,1661,0.0,0.0,ERIE
2025-07-09 09:43:00-04:00,341.8999938964844,341.8999938964844,341.8999938964844,341.8999938964844,380,0.0,0.0,ERIE
2025-07-09 09:47:00-04:00,341.55999755859375,341.55999755859375,341.0,341.0,1456,0.0,0.0,ERIE
2025-07-09 09:54:00-04:00,341.3299865722656,341.3299865722656,341.3299865722656,341.3299865722656,1194,0.0,0.0,ERIE
2025-07-09 10:03:00-04:00,340.260009765625,340.260009765625,340.260009765625,340.260009765625,746,0.0,0.0,ERIE
2025-07-09 10:10:00-04:00,340.54998779296875,340.54998779296875,340.54998779296875,340.54998779296875,1111,0.0,0.0,ERIE
2025-07-09 10:12:00-04:00,341.05999755859375,341.05999755859375,341.05999755859375,341.05999755859375,128,0.0,0.0,ERIE
2025-07-09 10:13:00-04:00,341.0799865722656,341.0799865722656,341.0799865722656,341.0799865722656,256,0.0,0.0,ERIE
2025-07-09 10:15:00-04:00,341.1600036621094,341.1600036621094,341.1600036621094,341.1600036621094,892,0.0,0.0,ERIE
2025-07-09 10:16:00-04:00,340.9100036621094,341.5,340.9100036621094,341.5,787,0.0,0.0,ERIE
2025-07-09 10:17:00-04:00,341.5299987792969,341.5299987792969,341.5299987792969,341.5299987792969,733,0.0,0.0,ERIE
2025-07-09 10:18:00-04:00,341.9100036621094,341.9100036621094,341.9100036621094,341.9100036621094,274,0.0,0.0,ERIE
2025-07-09 10:20:00-04:00,341.95001220703125,341.95001220703125,341.95001220703125,341.95001220703125,123,0.0,0.0,ERIE
2025-07-09 10:21:00-04:00,342.010009765625,342.010009765625,342.010009765625,342.010009765625,216,0.0,0.0,ERIE
2025-07-09 10:23:00-04:00,342.29998779296875,342.29998779296875,342.29998779296875,342.29998779296875,657,0.0,0.0,ERIE
2025-07-09 10:26:00-04:00,341.1099853515625,341.20001220703125,341.1099853515625,341.20001220703125,1274,0.0,0.0,ERIE
2025-07-09 10:27:00-04:00,341.1400146484375,341.1400146484375,341.1400146484375,341.1400146484375,431,0.0,0.0,ERIE
2025-07-09 10:28:00-04:00,340.7099914550781,340.7099914550781,340.7099914550781,340.7099914550781,2206,0.0,0.0,ERIE
2025-07-09 10:30:00-04:00,340.1499938964844,340.2900085449219,340.1499938964844,340.2900085449219,935,0.0,0.0,ERIE
2025-07-09 10:32:00-04:00,340.57000732421875,340.57000732421875,340.57000732421875,340.57000732421875,1091,0.0,0.0,ERIE
2025-07-09 10:43:00-04:00,340.15411376953125,340.15411376953125,340.15411376953125,340.15411376953125,353,0.0,0.0,ERIE
2025-07-09 10:44:00-04:00,340.0899963378906,340.0899963378906,340.0899963378906,340.0899963378906,564,0.0,0.0,ERIE
2025-07-09 10:45:00-04:00,340.3999938964844,340.3999938964844,340.3999938964844,340.3999938964844,816,0.0,0.0,ERIE
2025-07-09 10:53:00-04:00,340.8399963378906,340.8399963378906,340.8399963378906,340.8399963378906,1494,0.0,0.0,ERIE
2025-07-09 11:09:00-04:00,341.8500061035156,341.8500061035156,341.8500061035156,341.8500061035156,621,0.0,0.0,ERIE
2025-07-09 11:16:00-04:00,340.9599914550781,340.9599914550781,340.9599914550781,340.9599914550781,775,0.0,0.0,ERIE
2025-07-09 11:26:00-04:00,341.20001220703125,341.20001220703125,341.20001220703125,341.20001220703125,496,0.0,0.0,ERIE
2025-07-09 11:33:00-04:00,341.17999267578125,341.17999267578125,341.17999267578125,341.17999267578125,650,0.0,0.0,ERIE
2025-07-09 11:38:00-04:00,340.25,340.25,340.25,340.25,1677,0.0,0.0,ERIE
2025-07-09 11:49:00-04:00,340.8999938964844,340.8999938964844,340.8999938964844,340.8999938964844,813,0.0,0.0,ERIE
2025-07-09 11:56:00-04:00,340.8299865722656,340.8299865722656,340.8299865722656,340.8299865722656,530,0.0,0.0,ERIE
2025-07-09 11:58:00-04:00,341.20001220703125,341.20001220703125,341.20001220703125,341.20001220703125,587,0.0,0.0,ERIE
2025-07-09 12:07:00-04:00,341.64019775390625,341.71990966796875,341.64019775390625,341.71990966796875,3394,0.0,0.0,ERIE
2025-07-09 12:08:00-04:00,341.9100036621094,341.9100036621094,341.9100036621094,341.9100036621094,1198,0.0,0.0,ERIE
2025-07-09 12:21:00-04:00,341.2200012207031,341.2200012207031,341.1700134277344,341.1700134277344,799,0.0,0.0,ERIE
2025-07-09 12:24:00-04:00,341.0249938964844,341.0249938964844,341.0249938964844,341.0249938964844,1076,0.0,0.0,ERIE
2025-07-09 12:30:00-04:00,341.1499938964844,341.1499938964844,341.1499938964844,341.1499938964844,573,0.0,0.0,ERIE
2025-07-09 12:33:00-04:00,341.3500061035156,341.3599853515625,341.3500061035156,341.3599853515625,2152,0.0,0.0,ERIE
2025-07-09 12:55:00-04:00,341.92999267578125,341.92999267578125,341.9049987792969,341.9049987792969,2951,0.0,0.0,ERIE
2025-07-09 13:18:00-04:00,342.29998779296875,342.29998779296875,342.29998779296875,342.29998779296875,458,0.0,0.0,ERIE
2025-07-09 13:20:00-04:00,342.92999267578125,342.92999267578125,342.92999267578125,342.92999267578125,4804,0.0,0.0,ERIE
2025-07-09 13:56:00-04:00,343.5,343.5,343.5,343.5,1183,0.0,0.0,ERIE
2025-07-09 14:04:00-04:00,343.17498779296875,343.17498779296875,343.17498779296875,343.17498779296875,2659,0.0,0.0,ERIE
2025-07-09 14:28:00-04:00,343.2850036621094,343.2850036621094,343.2850036621094,343.2850036621094,331,0.0,0.0,ERIE
2025-07-09 14:31:00-04:00,343.5,343.5,343.5,343.5,959,0.0,0.0,ERIE
2025-07-09 14:39:00-04:00,343.885009765625,343.9049987792969,343.885009765625,343.9049987792969,1248,0.0,0.0,ERIE
2025-07-09 14:49:00-04:00,343.7900085449219,343.7900085449219,343.7900085449219,343.7900085449219,3083,0.0,0.0,ERIE
2025-07-09 15:06:00-04:00,344.2650146484375,344.2650146484375,344.2650146484375,344.2650146484375,871,0.0,0.0,ERIE
2025-07-09 15:13:00-04:00,344.510009765625,344.510009765625,344.510009765625,344.510009765625,1060,0.0,0.0,ERIE
2025-07-09 15:14:00-04:00,344.3699951171875,344.3699951171875,344.3699951171875,344.3699951171875,329,0.0,0.0,ERIE
2025-07-09 15:17:00-04:00,344.6600036621094,344.6600036621094,344.6600036621094,344.6600036621094,1045,0.0,0.0,ERIE
2025-07-09 15:22:00-04:00,344.8599853515625,344.8599853515625,344.8599853515625,344.8599853515625,286,0.0,0.0,ERIE
2025-07-09 15:23:00-04:00,344.7724914550781,344.7850036621094,344.7724914550781,344.7850036621094,1905,0.0,0.0,ERIE
2025-07-09 15:32:00-04:00,344.9200134277344,344.9200134277344,344.489990234375,344.489990234375,3440,0.0,0.0,ERIE
2025-07-09 15:38:00-04:00,344.5299987792969,344.5299987792969,344.5299987792969,344.5299987792969,1299,0.0,0.0,ERIE
2025-07-09 15:42:00-04:00,344.989990234375,344.989990234375,344.989990234375,344.989990234375,707,0.0,0.0,ERIE
2025-07-09 15:44:00-04:00,344.989990234375,344.989990234375,344.885009765625,344.885009765625,878,0.0,0.0,ERIE
2025-07-09 15:46:00-04:00,344.92999267578125,345.1600036621094,344.92999267578125,345.1099853515625,3447,0.0,0.0,ERIE
2025-07-09 15:49:00-04:00,345.1050109863281,345.22100830078125,345.05499267578125,345.05499267578125,2168,0.0,0.0,ERIE
2025-07-09 15:50:00-04:00,345.30999755859375,345.32000732421875,345.30999755859375,345.32000732421875,780,0.0,0.0,ERIE
2025-07-09 15:51:00-04:00,345.2099914550781,345.2099914550781,345.17999267578125,345.17999267578125,1359,0.0,0.0,ERIE
2025-07-09 15:52:00-04:00,344.9599914550781,344.9599914550781,344.69000244140625,344.69000244140625,2815,0.0,0.0,ERIE
2025-07-09 15:53:00-04:00,344.8699951171875,344.8699951171875,344.8699951171875,344.8699951171875,1157,0.0,0.0,ERIE
2025-07-09 15:54:00-04:00,344.8550109863281,344.8550109863281,344.8550109863281,344.8550109863281,251,0.0,0.0,ERIE
2025-07-09 15:55:00-04:00,345.05999755859375,345.05999755859375,344.92999267578125,344.92999267578125,2400,0.0,0.0,ERIE
2025-07-09 15:56:00-04:00,344.7699890136719,344.7699890136719,344.7699890136719,344.7699890136719,255,0.0,0.0,ERIE
2025-07-09 15:57:00-04:00,344.6400146484375,344.6400146484375,344.54998779296875,344.54998779296875,2949,0.0,0.0,ERIE
2025-07-09 15:58:00-04:00,344.5,344.6000061035156,344.5,344.6000061035156,2365,0.0,0.0,ERIE
2025-07-09 15:59:00-04:00,344.6099853515625,344.6199951171875,344.54998779296875,344.55999755859375,3674,0.0,0.0,ERIE
2025-07-10 09:30:00-04:00,344.4800109863281,344.4800109863281,344.4800109863281,344.4800109863281,4010,0.0,0.0,ERIE
2025-07-10 09:31:00-04:00,343.3949890136719,343.3949890136719,343.3949890136719,343.3949890136719,977,0.0,0.0,ERIE
2025-07-10 09:32:00-04:00,343.3949890136719,344.0,343.3949890136719,344.0,869,0.0,0.0,ERIE
2025-07-10 09:33:00-04:00,343.0199890136719,343.0199890136719,343.0,343.0,3911,0.0,0.0,ERIE
2025-07-10 09:41:00-04:00,343.0299987792969,343.0299987792969,342.1000061035156,342.1000061035156,3541,0.0,0.0,ERIE
2025-07-10 09:42:00-04:00,343.1549987792969,343.1549987792969,343.1549987792969,343.1549987792969,772,0.0,0.0,ERIE
2025-07-10 09:52:00-04:00,345.1549987792969,345.1549987792969,345.1549987792969,345.1549987792969,1787,0.0,0.0,ERIE
2025-07-10 09:59:00-04:00,344.489990234375,344.489990234375,344.489990234375,344.489990234375,1164,0.0,0.0,ERIE
2025-07-10 10:02:00-04:00,345.1300048828125,345.1300048828125,344.80499267578125,344.80499267578125,2031,0.0,0.0,ERIE
2025-07-10 10:08:00-04:00,346.8500061035156,346.8500061035156,346.8500061035156,346.8500061035156,505,0.0,0.0,ERIE
2025-07-10 10:15:00-04:00,347.75,348.5199890136719,347.75,348.2774963378906,4130,0.0,0.0,ERIE
2025-07-10 10:18:00-04:00,349.260009765625,349.260009765625,349.260009765625,349.260009765625,342,0.0,0.0,ERIE
2025-07-10 10:19:00-04:00,349.5150146484375,349.5150146484375,349.5150146484375,349.5150146484375,446,0.0,0.0,ERIE
2025-07-10 10:22:00-04:00,349.32000732421875,349.32000732421875,349.32000732421875,349.32000732421875,638,0.0,0.0,ERIE
2025-07-10 10:26:00-04:00,349.3550109863281,349.3550109863281,349.3550109863281,349.3550109863281,298,0.0,0.0,ERIE
2025-07-10 10:28:00-04:00,349.1499938964844,349.1499938964844,349.1499938964844,349.1499938964844,1709,0.0,0.0,ERIE
2025-07-10 10:30:00-04:00,348.9674987792969,348.98748779296875,348.9674987792969,348.98748779296875,2886,0.0,0.0,ERIE
2025-07-10 10:46:00-04:00,350.3299865722656,350.3299865722656,350.3299865722656,350.3299865722656,3603,0.0,0.0,ERIE
2025-07-10 11:05:00-04:00,353.3299865722656,353.3299865722656,353.3299865722656,353.3299865722656,662,0.0,0.0,ERIE
2025-07-10 11:09:00-04:00,355.17999267578125,355.17999267578125,355.17999267578125,355.17999267578125,989,0.0,0.0,ERIE
2025-07-10 11:10:00-04:00,354.3599853515625,354.3599853515625,354.3599853515625,354.3599853515625,1166,0.0,0.0,ERIE
2025-07-10 11:14:00-04:00,354.80499267578125,354.80499267578125,354.80499267578125,354.80499267578125,528,0.0,0.0,ERIE
2025-07-10 11:18:00-04:00,354.1400146484375,354.1400146484375,354.0249938964844,354.0249938964844,451,0.0,0.0,ERIE
2025-07-10 11:21:00-04:00,354.0199890136719,354.0199890136719,354.0199890136719,354.0199890136719,198,0.0,0.0,ERIE
2025-07-10 11:24:00-04:00,353.7099914550781,354.0249938964844,353.25,353.25,3000,0.0,0.0,ERIE
2025-07-10 11:25:00-04:00,352.44000244140625,352.44000244140625,352.0199890136719,352.0199890136719,855,0.0,0.0,ERIE
2025-07-10 11:27:00-04:00,351.5050048828125,351.5050048828125,351.5050048828125,351.5050048828125,1275,0.0,0.0,ERIE
2025-07-10 11:28:00-04:00,350.6400146484375,350.6400146484375,350.6400146484375,350.6400146484375,2457,0.0,0.0,ERIE
2025-07-10 11:32:00-04:00,348.375,348.7300109863281,348.375,348.7300109863281,1662,0.0,0.0,ERIE
2025-07-10 11:35:00-04:00,348.69000244140625,348.69000244140625,348.69000244140625,348.69000244140625,2131,0.0,0.0,ERIE
2025-07-10 11:45:00-04:00,349.8999938964844,349.8999938964844,349.8999938964844,349.8999938964844,119,0.0,0.0,ERIE
2025-07-10 11:47:00-04:00,350.57000732421875,350.57000732421875,350.57000732421875,350.57000732421875,1097,0.0,0.0,ERIE
2025-07-10 11:59:00-04:00,351.17999267578125,351.17999267578125,351.17999267578125,351.17999267578125,1076,0.0,0.0,ERIE
2025-07-10 12:16:00-04:00,350.9700012207031,350.9700012207031,350.9700012207031,350.9700012207031,990,0.0,0.0,ERIE
2025-07-10 12:27:00-04:00,350.6050109863281,350.6050109863281,350.6050109863281,350.6050109863281,1642,0.0,0.0,ERIE
2025-07-10 12:44:00-04:00,350.9070129394531,350.9070129394531,350.9070129394531,350.9070129394531,613,0.0,0.0,ERIE
2025-07-10 12:55:00-04:00,351.7900085449219,351.79998779296875,351.7900085449219,351.79998779296875,847,0.0,0.0,ERIE
2025-07-10 12:56:00-04:00,351.8949890136719,351.8949890136719,351.8949890136719,351.8949890136719,1860,0.0,0.0,ERIE
2025-07-10 13:24:00-04:00,351.9800109863281,351.9800109863281,351.9800109863281,351.9800109863281,294,0.0,0.0,ERIE
2025-07-10 13:27:00-04:00,352.4049987792969,352.4049987792969,352.4049987792969,352.4049987792969,213,0.0,0.0,ERIE
2025-07-10 13:28:00-04:00,352.010009765625,352.010009765625,352.010009765625,352.010009765625,1972,0.0,0.0,ERIE
2025-07-10 13:59:00-04:00,352.4200134277344,352.80999755859375,352.4200134277344,352.6600036621094,1201,0.0,0.0,ERIE
2025-07-10 14:01:00-04:00,352.4599914550781,352.4599914550781,352.4599914550781,352.4599914550781,263,0.0,0.0,ERIE
2025-07-10 14:03:00-04:00,352.56500244140625,352.56500244140625,352.56500244140625,352.56500244140625,847,0.0,0.0,ERIE
2025-07-10 14:10:00-04:00,351.6700134277344,351.6700134277344,351.6700134277344,351.6700134277344,519,0.0,0.0,ERIE
2025-07-10 14:15:00-04:00,352.1449890136719,352.30499267578125,352.1449890136719,352.30499267578125,1812,0.0,0.0,ERIE
2025-07-10 14:32:00-04:00,351.69000244140625,351.69000244140625,351.6400146484375,351.6400146484375,1979,0.0,0.0,ERIE
2025-07-10 14:48:00-04:00,351.5450134277344,351.5450134277344,351.5450134277344,351.5450134277344,142,0.0,0.0,ERIE
2025-07-10 14:49:00-04:00,351.69000244140625,351.69000244140625,351.69000244140625,351.69000244140625,407,0.0,0.0,ERIE
2025-07-10 14:53:00-04:00,351.4100036621094,351.4100036621094,351.4100036621094,351.4100036621094,367,0.0,0.0,ERIE
2025-07-10 14:54:00-04:00,351.2699890136719,351.2699890136719,351.1300048828125,351.1300048828125,295,0.0,0.0,ERIE
2025-07-10 14:57:00-04:00,350.885009765625,350.885009765625,350.885009765625,350.885009765625,2678,0.0,0.0,ERIE
2025-07-10 15:17:00-04:00,351.4599914550781,351.4599914550781,351.4599914550781,351.4599914550781,508,0.0,0.0,ERIE
2025-07-10 15:19:00-04:00,351.7099914550781,351.7099914550781,351.7099914550781,351.7099914550781,577,0.0,0.0,ERIE
2025-07-10 15:23:00-04:00,351.7699890136719,351.9100036621094,351.7699890136719,351.9100036621094,3744,0.0,0.0,ERIE
2025-07-10 15:33:00-04:00,352.4800109863281,352.54998779296875,352.4800109863281,352.54998779296875,1243,0.0,0.0,ERIE
2025-07-10 15:40:00-04:00,352.5799865722656,352.5899963378906,352.42999267578125,352.5899963378906,3081,0.0,0.0,ERIE
2025-07-10 15:41:00-04:00,352.93499755859375,352.9549865722656,352.5400085449219,352.5400085449219,2441,0.0,0.0,ERIE
2025-07-10 15:44:00-04:00,352.3500061035156,352.3500061035156,352.3500061035156,352.3500061035156,977,0.0,0.0,ERIE
2025-07-10 15:45:00-04:00,352.0400085449219,352.0400085449219,351.9599914550781,351.9649963378906,992,0.0,0.0,ERIE
2025-07-10 15:47:00-04:00,351.6700134277344,351.6700134277344,351.6700134277344,351.6700134277344,2024,0.0,0.0,ERIE
2025-07-10 15:52:00-04:00,351.2300109863281,351.2300109863281,351.2300109863281,351.2300109863281,1080,0.0,0.0,ERIE
2025-07-10 15:53:00-04:00,350.79998779296875,350.79998779296875,350.7449951171875,350.7449951171875,1065,0.0,0.0,ERIE
2025-07-10 15:54:00-04:00,350.2900085449219,350.2900085449219,350.2900085449219,350.2900085449219,1347,0.0,0.0,ERIE
2025-07-10 15:55:00-04:00,350.8999938964844,351.2099914550781,350.8999938964844,351.2099914550781,3639,0.0,0.0,ERIE
2025-07-10 15:57:00-04:00,351.2449951171875,351.3699951171875,351.2449951171875,351.3599853515625,2919,0.0,0.0,ERIE
2025-07-10 15:58:00-04:00,351.2799987792969,351.2799987792969,351.2799987792969,351.2799987792969,1967,0.0,0.0,ERIE
2025-07-10 15:59:00-04:00,351.20001220703125,351.3800048828125,350.989990234375,351.3800048828125,2387,0.0,0.0,ERIE
2025-07-11 09:30:00-04:00,351.0,351.0,350.82000732421875,350.82000732421875,3343,0.0,0.0,ERIE
2025-07-11 09:31:00-04:00,350.7825012207031,350.7825012207031,350.7825012207031,350.7825012207031,299,0.0,0.0,ERIE
2025-07-11 09:33:00-04:00,350.80499267578125,350.80499267578125,350.80499267578125,350.80499267578125,3477,0.0,0.0,ERIE
2025-07-11 10:10:00-04:00,349.17999267578125,349.44000244140625,349.17999267578125,349.44000244140625,1230,0.0,0.0,ERIE
2025-07-11 10:12:00-04:00,349.7900085449219,349.7900085449219,349.7900085449219,349.7900085449219,463,0.0,0.0,ERIE
2025-07-11 10:19:00-04:00,350.3900146484375,350.3900146484375,350.3900146484375,350.3900146484375,715,0.0,0.0,ERIE
2025-07-11 10:23:00-04:00,349.6000061035156,349.6000061035156,349.4800109863281,349.4800109863281,1034,0.0,0.0,ERIE
2025-07-11 10:30:00-04:00,349.2799987792969,349.2799987792969,349.2799987792969,349.2799987792969,960,0.0,0.0,ERIE
2025-07-11 10:37:00-04:00,349.3999938964844,349.3999938964844,349.3999938964844,349.3999938964844,1342,0.0,0.0,ERIE
2025-07-11 10:45:00-04:00,349.4599914550781,349.4599914550781,349.4599914550781,349.4599914550781,362,0.0,0.0,ERIE
2025-07-11 10:50:00-04:00,349.95001220703125,349.9800109863281,349.95001220703125,349.9800109863281,1413,0.0,0.0,ERIE
2025-07-11 10:52:00-04:00,350.3599853515625,350.3599853515625,350.3599853515625,350.3599853515625,112,0.0,0.0,ERIE
2025-07-11 10:54:00-04:00,350.3500061035156,350.3500061035156,350.3500061035156,350.3500061035156,475,0.0,0.0,ERIE
2025-07-11 10:58:00-04:00,350.7900085449219,351.6099853515625,350.7900085449219,351.6099853515625,1408,0.0,0.0,ERIE
2025-07-11 10:59:00-04:00,351.55999755859375,351.55999755859375,351.55999755859375,351.55999755859375,1011,0.0,0.0,ERIE
2025-07-11 11:03:00-04:00,350.1000061035156,350.20001220703125,350.1000061035156,350.20001220703125,1828,0.0,0.0,ERIE
2025-07-11 11:08:00-04:00,350.5400085449219,350.5400085449219,350.5400085449219,350.5400085449219,646,0.0,0.0,ERIE
2025-07-11 11:10:00-04:00,350.6300048828125,350.6300048828125,350.6300048828125,350.6300048828125,102,0.0,0.0,ERIE
2025-07-11 11:11:00-04:00,350.5799865722656,350.79998779296875,350.5799865722656,350.79998779296875,615,0.0,0.0,ERIE
2025-07-11 11:13:00-04:00,350.8399963378906,350.8399963378906,350.8399963378906,350.8399963378906,354,0.0,0.0,ERIE
2025-07-11 11:14:00-04:00,350.8800048828125,350.8800048828125,350.8800048828125,350.8800048828125,315,0.0,0.0,ERIE
2025-07-11 11:19:00-04:00,351.0,351.0,351.0,351.0,1256,0.0,0.0,ERIE
2025-07-11 11:27:00-04:00,350.9150085449219,350.9150085449219,350.9150085449219,350.9150085449219,836,0.0,0.0,ERIE
2025-07-11 11:36:00-04:00,350.54998779296875,350.8399963378906,350.54998779296875,350.8399963378906,1090,0.0,0.0,ERIE
2025-07-11 11:44:00-04:00,350.8599853515625,350.8599853515625,350.25,350.25,2049,0.0,0.0,ERIE
2025-07-11 11:47:00-04:00,350.239990234375,350.239990234375,350.239990234375,350.239990234375,2042,0.0,0.0,ERIE
2025-07-11 11:54:00-04:00,349.82000732421875,349.82000732421875,349.82000732421875,349.82000732421875,544,0.0,0.0,ERIE
2025-07-11 11:56:00-04:00,349.7699890136719,349.7699890136719,349.75,349.75,1119,0.0,0.0,ERIE
2025-07-11 11:58:00-04:00,349.7699890136719,349.7699890136719,349.7699890136719,349.7699890136719,748,0.0,0.0,ERIE
2025-07-11 12:02:00-04:00,349.06500244140625,349.06500244140625,349.06500244140625,349.06500244140625,147,0.0,0.0,ERIE
2025-07-11 12:04:00-04:00,348.8800048828125,348.8800048828125,348.8699951171875,348.8699951171875,991,0.0,0.0,ERIE
2025-07-11 12:09:00-04:00,349.260009765625,349.260009765625,349.260009765625,349.260009765625,596,0.0,0.0,ERIE
2025-07-11 12:11:00-04:00,349.4549865722656,349.4549865722656,348.3999938964844,348.3999938964844,223,0.0,0.0,ERIE
2025-07-11 12:13:00-04:00,349.42999267578125,349.42999267578125,349.42999267578125,349.42999267578125,116,0.0,0.0,ERIE
2025-07-11 12:14:00-04:00,349.2900085449219,349.2900085449219,349.2900085449219,349.2900085449219,355,0.0,0.0,ERIE
2025-07-11 12:15:00-04:00,349.2925109863281,349.9700012207031,349.2925109863281,349.9700012207031,483,0.0,0.0,ERIE
2025-07-11 12:17:00-04:00,349.9700012207031,349.9700012207031,349.9700012207031,349.9700012207031,616,0.0,0.0,ERIE
2025-07-11 12:29:00-04:00,349.3599853515625,349.3599853515625,349.3599853515625,349.3599853515625,703,0.0,0.0,ERIE
2025-07-11 12:31:00-04:00,348.57000732421875,348.57000732421875,348.57000732421875,348.57000732421875,797,0.0,0.0,ERIE
2025-07-11 12:33:00-04:00,347.739990234375,347.75,347.5,347.75,1985,0.0,0.0,ERIE
2025-07-11 12:41:00-04:00,347.9465026855469,347.9465026855469,347.9465026855469,347.9465026855469,1771,0.0,0.0,ERIE
2025-07-11 13:05:00-04:00,347.30999755859375,347.30999755859375,347.30999755859375,347.30999755859375,217,0.0,0.0,ERIE
2025-07-11 13:06:00-04:00,347.3999938964844,347.3999938964844,347.3999938964844,347.3999938964844,1058,0.0,0.0,ERIE
2025-07-11 13:13:00-04:00,347.1199951171875,347.1199951171875,347.05999755859375,347.05999755859375,465,0.0,0.0,ERIE
2025-07-11 13:14:00-04:00,347.2749938964844,347.2749938964844,347.2749938964844,347.2749938964844,183,0.0,0.0,ERIE
2025-07-11 13:18:00-04:00,347.0469970703125,347.0469970703125,347.0469970703125,347.0469970703125,585,0.0,0.0,ERIE
2025-07-11 13:29:00-04:00,347.2749938964844,347.2749938964844,347.2749938964844,347.2749938964844,369,0.0,0.0,ERIE
2025-07-11 13:30:00-04:00,347.739990234375,347.739990234375,347.739990234375,347.739990234375,451,0.0,0.0,ERIE
2025-07-11 13:32:00-04:00,347.5249938964844,347.5249938964844,347.5249938964844,347.5249938964844,1787,0.0,0.0,ERIE
2025-07-11 14:02:00-04:00,347.2099914550781,347.2099914550781,347.2099914550781,347.2099914550781,826,0.0,0.0,ERIE
2025-07-11 14:06:00-04:00,346.9150085449219,346.9150085449219,346.8299865722656,346.8299865722656,1271,0.0,0.0,ERIE
2025-07-11 14:08:00-04:00,346.631591796875,346.631591796875,346.631591796875,346.631591796875,224,0.0,0.0,ERIE
2025-07-11 14:09:00-04:00,346.6000061035156,346.6000061035156,346.6000061035156,346.6000061035156,365,0.0,0.0,ERIE
2025-07-11 14:10:00-04:00,346.2250061035156,346.2250061035156,346.2250061035156,346.2250061035156,1160,0.0,0.0,ERIE
2025-07-11 14:14:00-04:00,346.1700134277344,346.17999267578125,346.1700134277344,346.17999267578125,1720,0.0,0.0,ERIE
2025-07-11 14:24:00-04:00,345.8949890136719,345.8949890136719,345.8949890136719,345.8949890136719,667,0.0,0.0,ERIE
2025-07-11 14:30:00-04:00,346.07159423828125,346.07159423828125,346.07159423828125,346.07159423828125,2109,0.0,0.0,ERIE
2025-07-11 15:01:00-04:00,345.9599914550781,345.9599914550781,345.9599914550781,345.9599914550781,941,0.0,0.0,ERIE
2025-07-11 15:07:00-04:00,345.010009765625,345.010009765625,344.9800109863281,344.9800109863281,727,0.0,0.0,ERIE
2025-07-11 15:09:00-04:00,344.6990051269531,345.1824951171875,344.6990051269531,345.1824951171875,1162,0.0,0.0,ERIE
2025-07-11 15:14:00-04:00,344.7699890136719,344.7699890136719,344.7699890136719,344.7699890136719,834,0.0,0.0,ERIE
2025-07-11 15:18:00-04:00,345.4200134277344,345.44000244140625,345.1000061035156,345.1000061035156,1534,0.0,0.0,ERIE
2025-07-11 15:22:00-04:00,346.01800537109375,346.01800537109375,346.01800537109375,346.01800537109375,580,0.0,0.0,ERIE
2025-07-11 15:27:00-04:00,346.2799987792969,346.2799987792969,346.2799987792969,346.2799987792969,138,0.0,0.0,ERIE
2025-07-11 15:28:00-04:00,346.2799987792969,346.4700012207031,346.239990234375,346.239990234375,2154,0.0,0.0,ERIE
2025-07-11 15:36:00-04:00,346.6700134277344,346.6700134277344,346.6700134277344,346.6700134277344,417,0.0,0.0,ERIE
2025-07-11 15:40:00-04:00,346.2200012207031,346.2200012207031,346.2200012207031,346.2200012207031,516,0.0,0.0,ERIE
2025-07-11 15:41:00-04:00,346.2200012207031,346.2200012207031,346.2200012207031,346.2200012207031,1709,0.0,0.0,ERIE
2025-07-11 15:45:00-04:00,345.6400146484375,345.6400146484375,345.6400146484375,345.6400146484375,1229,0.0,0.0,ERIE
2025-07-11 15:47:00-04:00,345.44000244140625,345.44000244140625,345.44000244140625,345.44000244140625,1249,0.0,0.0,ERIE
2025-07-11 15:50:00-04:00,345.1300048828125,345.1300048828125,345.1300048828125,345.1300048828125,764,0.0,0.0,ERIE
2025-07-11 15:51:00-04:00,344.8999938964844,344.8999938964844,344.8349914550781,344.8349914550781,1765,0.0,0.0,ERIE
2025-07-11 15:53:00-04:00,344.6650085449219,344.6650085449219,344.5,344.5,1516,0.0,0.0,ERIE
2025-07-11 15:54:00-04:00,344.5299987792969,344.5299987792969,344.29998779296875,344.29998779296875,769,0.0,0.0,ERIE
2025-07-11 15:55:00-04:00,344.69000244140625,344.7799987792969,344.69000244140625,344.739990234375,1912,0.0,0.0,ERIE
2025-07-11 15:56:00-04:00,344.79998779296875,344.8299865722656,344.79998779296875,344.8299865722656,2306,0.0,0.0,ERIE
2025-07-11 15:57:00-04:00,344.4100036621094,344.4100036621094,344.2250061035156,344.3800048828125,1725,0.0,0.0,ERIE
2025-07-11 15:58:00-04:00,344.3900146484375,344.4800109863281,344.3500061035156,344.4800109863281,7473,0.0,0.0,ERIE
2025-07-11 15:59:00-04:00,344.0899963378906,344.0899963378906,344.0899963378906,344.0899963378906,240,0.0,0.0,ERIE
